ticker_yf,ticker_display,name,market,sector,price,currency,market_cap,ocf,fcf,revenue_growth,earnings_growth,revenue_history,cf_history,ttm_ocf,ttm_net_income,ttm_depreciation,ttm_ffo_proxy,pcf,cf_method,revenue_trend,cf_trend,pcf_display,market_cap_b,pcf_color
MMM,MMM,3M,USA,Industrials,174.61,USD,91967086592,,,0.02,-0.199,{},{},,3249999872,,,,OCF,Flat ➡,Downtrend ↘,N/A,91.967086592,
AOS,AOS,A. O. Smith,USA,Industrials,79.62,USD,11010643968,,,0.0,0.191,{},{},,546200000,,,,OCF,Flat ➡,Uptrend ↗,N/A,11.010643968,
ABT,ABT,Abbott Laboratories,USA,Healthcare,111.47,USD,194008973312,,,0.044,-0.808,{},{},,6524000256,,,,OCF,Flat ➡,Downtrend ↘,N/A,194.008973312,
ABBV,ABBV,AbbVie,USA,Healthcare,227.5,USD,402080006144,,,0.1,0.0,{},{},,4225999872,,,,OCF,Uptrend ↗,Flat ➡,N/A,402.080006144,
ACN,ACN,Accenture,USA,Technology,222.05,USD,137701834752,,,0.06,-0.016,{},{},,7611100160,,,,OCF,Uptrend ↗,Flat ➡,N/A,137.701834752,
ADBE,ADBE,Adobe Inc.,USA,Technology,262.5,USD,109882499072,,,0.105,0.172,{},{},,7129999872,,,,OCF,Uptrend ↗,Uptrend ↗,N/A,109.882499072,
AMD,AMD,Advanced Micro Devices,USA,Technology,205.94,USD,335766814720,,,0.341,2.171,{},{},,4268999936,,,,OCF,Uptrend ↗,Uptrend ↗,N/A,335.76681472,
AES,AES,AES Corporation,USA,Utilities,16.2,USD,11536360448,,,0.019,0.253,{},{},,1079000064,,,,OCF,Flat ➡,Uptrend ↗,N/A,11.536360448,
AFL,AFL,Aflac,USA,Financial Services,115.88,USD,60734320640,,,-0.099,-0.229,{},{},,3646000128,,,,OCF,Downtrend ↘,Downtrend ↘,N/A,60.73432064,
A,A,Agilent Technologies,USA,Healthcare,124.88,USD,35403337728,,,0.094,0.245,{},{},,1303000064,,,,OCF,Uptrend ↗,Uptrend ↗,N/A,35.403337728,
APD,APD,Air Products,USA,Basic Materials,291.5,USD,64904224768,,,0.058,0.097,{},{},,-325700000,,,,OCF,Uptrend ↗,Uptrend ↗,N/A,64.904224768,
ABNB,ABNB,Airbnb,USA,Consumer Cyclical,115.96,USD,70994845696,,,0.097,0.038,{},{},,2631000064,,,,OCF,Uptrend ↗,Flat ➡,N/A,70.994845696,
AKAM,AKAM,Akamai Technologies,USA,Technology,104.61,USD,15049742336,,,0.05,1.553,{},{},,506864000,,,,OCF,Flat ➡,Uptrend ↗,N/A,15.049742336,
ALB,ALB,Albemarle Corporation,USA,Basic Materials,158.93,USD,18729457664,,,-0.035,0.0,{},{},,-187907008,,,,OCF,Flat ➡,Flat ➡,N/A,18.729457664,
ARE,ARE,Alexandria Real Estate Equities,USA,Real Estate,50.4,USD,8734339072,,,-0.052,0.0,{},{},,-1437986944,,,,OCF,Downtrend ↘,Flat ➡,N/A,8.734339072,
ALGN,ALGN,Align Technology,USA,Healthcare,183.86,USD,13327343616,,,0.053,0.359,{},{},,410351008,,,,OCF,Uptrend ↗,Uptrend ↗,N/A,13.327343616,
ALLE,ALLE,Allegion,USA,Industrials,178.2,USD,15330893824,,,0.107,0.095,{},{},,640400000,,,,OCF,Uptrend ↗,Uptrend ↗,N/A,15.330893824,
LNT,LNT,Alliant Energy,USA,Utilities,69.68,USD,17911500800,,,0.119,-0.052,{},{},,818000000,,,,OCF,Uptrend ↗,Downtrend ↘,N/A,17.9115008,
ALL,ALL,Allstate,USA,Financial Services,206.56,USD,54052974592,,,0.051,1.032,{},{},,10165000192,,,,OCF,Uptrend ↗,Uptrend ↗,N/A,54.052974592,
GOOGL,GOOGL,Alphabet Inc. (Class A),USA,Communication Services,309.0,USD,3737973161984,,,0.18,0.311,{},{},,132169998336,,,,OCF,Uptrend ↗,Uptrend ↗,N/A,3737.973161984,
GOOG,GOOG,Alphabet Inc. (Class C),USA,Communication Services,309.37,USD,3742449008640,,,0.18,0.311,{},{},,132169998336,,,,OCF,Uptrend ↗,Uptrend ↗,N/A,3742.44900864,
MO,MO,Altria,USA,Consumer Defensive,67.01,USD,112487792640,,,-0.005,-0.631,{},{},,6946999808,,,,OCF,Flat ➡,Downtrend ↘,N/A,112.48779264,
AMZN,AMZN,Amazon,USA,Consumer Cyclical,199.6,USD,2142690213888,,,0.136,0.05,{},{},,77669998592,,,,OCF,Uptrend ↗,Flat ➡,N/A,2142.690213888,
AMCR,AMCR,Amcor,USA,Consumer Cyclical,49.74,USD,22982154240,,,0.681,-0.321,{},{},,596000000,,,,OCF,Uptrend ↗,Downtrend ↘,N/A,22.98215424,
AEE,AEE,Ameren,USA,Utilities,109.34,USD,30221574144,,,0.248,0.382,{},{},,1411000064,,,,OCF,Uptrend ↗,Uptrend ↗,N/A,30.221574144,
AEP,AEP,American Electric Power,USA,Utilities,126.43,USD,67673628672,,,0.109,0.006,{},{},,3662099968,,,,OCF,Uptrend ↗,Flat ➡,N/A,67.673628672,
AXP,AXP,American Express,USA,Financial Services,342.88,USD,236193464320,,,0.106,0.166,{},{},,10700999680,,,,OCF,Uptrend ↗,Uptrend ↗,N/A,236.19346432,
AIG,AIG,American International Group,USA,Financial Services,78.8,USD,42518593536,,,-0.068,-0.056,{},{},,3096000000,,,,OCF,Downtrend ↘,Downtrend ↘,N/A,42.518593536,
AMT,AMT,American Tower,USA,Real Estate,188.19,USD,88120197120,,,0.077,0.0,{},{},,2938400000,,,,OCF,Uptrend ↗,Flat ➡,N/A,88.12019712,
AWK,AWK,American Water Works,USA,Utilities,128.37,USD,25054892032,,,0.097,0.081,{},{},,1112000000,,,,OCF,Uptrend ↗,Uptrend ↗,N/A,25.054892032,
AMP,AMP,Ameriprise Financial,USA,Financial Services,467.3,USD,43414839296,,,0.086,-0.011,{},{},,3625999872,,,,OCF,Uptrend ↗,Flat ➡,N/A,43.414839296,
AME,AME,Ametek,USA,Industrials,228.69,USD,52816859136,,,0.134,0.036,{},{},,1480141952,,,,OCF,Uptrend ↗,Flat ➡,N/A,52.816859136,
AMGN,AMGN,Amgen,USA,Healthcare,366.2,USD,197381799936,,,0.086,1.116,{},{},,7711000064,,,,OCF,Uptrend ↗,Uptrend ↗,N/A,197.381799936,
APH,APH,Amphenol,USA,Technology,143.73,USD,176675061760,,,0.491,0.578,{},{},,4270299904,,,,OCF,Uptrend ↗,Uptrend ↗,N/A,176.67506176,
ADI,ADI,Analog Devices,USA,Technology,331.36,USD,162251784192,,,0.259,0.661,{},{},,2267342080,,,,OCF,Uptrend ↗,Uptrend ↗,N/A,162.251784192,
AON,AON,Aon plc,USA,Financial Services,314.49,USD,67594989568,,,0.037,1.382,{},{},,3695000064,,,,OCF,Flat ➡,Uptrend ↗,N/A,67.594989568,
APA,APA,APA Corporation,USA,Energy,26.92,USD,9631611904,,,-0.164,0.0,{},{},,1508999936,,,,OCF,Downtrend ↘,Flat ➡,N/A,9.631611904,
APO,APO,Apollo Global Management,USA,Financial Services,125.37,USD,72767578112,,,0.877,-0.558,{},{},,3395000064,,,,OCF,Uptrend ↗,Downtrend ↘,N/A,72.767578112,
AAPL,AAPL,Apple Inc.,USA,Technology,261.73,USD,3846888226816,,,0.157,0.183,{},{},,117776998400,,,,OCF,Uptrend ↗,Uptrend ↗,N/A,3846.888226816,
AMAT,AMAT,Applied Materials,USA,Technology,328.39,USD,260650205184,,,-0.035,0.133,{},{},,6998000128,,,,OCF,Flat ➡,Uptrend ↗,N/A,260.650205184,
APP,APP,AppLovin,USA,Communication Services,366.91,USD,123999076352,,,0.682,0.959,{},{},,2916342016,,,,OCF,Uptrend ↗,Uptrend ↗,N/A,123.999076352,
APTV,APTV,Aptiv,USA,Consumer Cyclical,83.0,USD,17934589952,,,0.05,-0.434,{},{},,165000000,,,,OCF,Flat ➡,Downtrend ↘,N/A,17.934589952,
ACGL,ACGL,Arch Capital Group,USA,Financial Services,99.85,USD,36208201728,,,0.085,0.387,{},{},,4359000064,,,,OCF,Uptrend ↗,Uptrend ↗,N/A,36.208201728,
ADM,ADM,Archer Daniels Midland,USA,Consumer Defensive,69.5,USD,33399597056,,,-0.137,-0.197,{},{},,1078000000,,,,OCF,Downtrend ↘,Downtrend ↘,N/A,33.399597056,
ARES,ARES,Ares Management,USA,Financial Services,133.94,USD,43882041344,,,0.195,-0.887,{},{},,426112000,,,,OCF,Uptrend ↗,Downtrend ↘,N/A,43.882041344,
ANET,ANET,Arista Networks,USA,Technology,135.12,USD,170154606592,,,0.275,0.155,{},{},,3356553984,,,,OCF,Uptrend ↗,Uptrend ↗,N/A,170.154606592,
AJG,AJG,Arthur J. Gallagher & Co.,USA,Financial Services,204.79,USD,52626112512,,,0.367,-0.482,{},{},,1494000000,,,,OCF,Uptrend ↗,Downtrend ↘,N/A,52.626112512,
AIZ,AIZ,Assurant,USA,Financial Services,214.48,USD,10822491136,,,0.079,0.159,{},{},,872700032,,,,OCF,Uptrend ↗,Uptrend ↗,N/A,10.822491136,
T,T,AT&T,USA,Communication Services,28.8,USD,204176146432,,,0.036,-0.056,{},{},,21888999424,,,,OCF,Flat ➡,Downtrend ↘,N/A,204.176146432,
ATO,ATO,Atmos Energy,USA,Utilities,177.77,USD,29410080768,,,0.142,0.094,{},{},,1249393024,,,,OCF,Uptrend ↗,Uptrend ↗,N/A,29.410080768,
ADSK,ADSK,Autodesk,USA,Technology,223.49,USD,47603372032,,,0.18,0.26,{},{},,1111000064,,,,OCF,Uptrend ↗,Uptrend ↗,N/A,47.603372032,
ADP,ADP,Automatic Data Processing,USA,Technology,209.96,USD,84918059008,,,0.062,0.115,{},{},,4235300096,,,,OCF,Uptrend ↗,Uptrend ↗,N/A,84.918059008,
AZO,AZO,AutoZone,USA,Consumer Cyclical,3788.71,USD,63016341504,,,0.082,-0.046,{},{},,2464136960,,,,OCF,Uptrend ↗,Flat ➡,N/A,63.016341504,
AVB,AVB,AvalonBay Communities,USA,Real Estate,175.26,USD,24815929344,,,0.03,-0.408,{},{},,1051300992,,,,OCF,Flat ➡,Downtrend ↘,N/A,24.815929344,
AVY,AVY,Avery Dennison,USA,Consumer Cyclical,195.55,USD,15115114496,,,0.039,-0.006,{},{},,688000000,,,,OCF,Flat ➡,Flat ➡,N/A,15.115114496,
AXON,AXON,Axon Enterprise,USA,Industrials,435.81,USD,34619555840,,,0.306,0.0,{},{},,257095008,,,,OCF,Uptrend ↗,Flat ➡,N/A,34.61955584,
BKR,BKR,Baker Hughes,USA,Energy,61.39,USD,60667838464,,,0.003,-0.256,{},{},,2588000000,,,,OCF,Flat ➡,Downtrend ↘,N/A,60.667838464,
BALL,BALL,Ball Corporation,USA,Consumer Cyclical,66.72,USD,18157774848,,,0.162,0.0,{},{},,912000000,,,,OCF,Uptrend ↗,Flat ➡,N/A,18.157774848,
BAC,BAC,Bank of America,USA,Financial Services,52.52,USD,383527092224,,,0.132,0.209,{},{},,29055000576,,,,OCF,Uptrend ↗,Uptrend ↗,N/A,383.527092224,
BAX,BAX,Baxter International,USA,Healthcare,18.71,USD,9617983488,,,0.05,0.0,{},{},,-344000000,,,,OCF,Flat ➡,Flat ➡,N/A,9.617983488,
BDX,BDX,Becton Dickinson,USA,Healthcare,177.81,USD,64419692544,,,0.016,0.286,{},{},,1756999936,,,,OCF,Flat ➡,Uptrend ↗,N/A,64.419692544,
BRK-B,BRK-B,Berkshire Hathaway,USA,Financial Services,500.01,USD,1078689005568,,,0.021,0.172,{},{},,67463000064,,,,OCF,Flat ➡,Uptrend ↗,N/A,1078.689005568,
BBY,BBY,Best Buy,USA,Consumer Cyclical,64.87,USD,13629270016,,,0.024,-0.476,{},{},,645000000,,,,OCF,Flat ➡,Downtrend ↘,N/A,13.629270016,
TECH,TECH,Bio-Techne,USA,Healthcare,59.54,USD,9315229696,,,-0.004,0.091,{},{},,81060000,,,,OCF,Flat ➡,Uptrend ↗,N/A,9.315229696,
BIIB,BIIB,Biogen,USA,Healthcare,195.5,USD,28691292160,,,-0.071,0.0,{},{},,1292899968,,,,OCF,Downtrend ↘,Flat ➡,N/A,28.69129216,
BLK,BLK,BlackRock,USA,Financial Services,1055.63,USD,163781951488,,,0.234,-0.327,{},{},,5552999936,,,,OCF,Uptrend ↗,Downtrend ↘,N/A,163.781951488,
BX,BX,Blackstone Inc.,USA,Financial Services,129.77,USD,159570214912,,,0.506,0.425,{},{},,3019214080,,,,OCF,Uptrend ↗,Uptrend ↗,N/A,159.570214912,
XYZ,XYZ,"Block, Inc.",USA,Technology,49.09,USD,29924478976,,,0.023,0.644,{},{},,3135894016,,,,OCF,Flat ➡,Uptrend ↗,N/A,29.924478976,
BK,BK,BNY Mellon,USA,Financial Services,114.91,USD,80132390912,,,0.078,0.308,{},{},,5305999872,,,,OCF,Uptrend ↗,Uptrend ↗,N/A,80.132390912,
BA,BA,Boeing,USA,Industrials,239.35,USD,187972829184,,,0.571,0.0,{},{},,1888999936,,,,OCF,Uptrend ↗,Flat ➡,N/A,187.972829184,
BKNG,BKNG,Booking Holdings,USA,Consumer Cyclical,4159.1,USD,134795960320,,,0.127,0.135,{},{},,5043999744,,,,OCF,Uptrend ↗,Uptrend ↗,N/A,134.79596032,
BSX,BSX,Boston Scientific,USA,Healthcare,74.12,USD,109921427456,,,0.159,0.185,{},{},,2897999872,,,,OCF,Uptrend ↗,Uptrend ↗,N/A,109.921427456,
BMY,BMY,Bristol Myers Squibb,USA,Healthcare,59.86,USD,121903316992,,,0.013,13.936,{},{},,7054000128,,,,OCF,Flat ➡,Uptrend ↗,N/A,121.903316992,
AVGO,AVGO,Broadcom,USA,Technology,331.17,USD,1570167586816,,,0.164,1.881,{},{},,23125999616,,,,OCF,Uptrend ↗,Uptrend ↗,N/A,1570.167586816,
BR,BR,Broadridge Financial Solutions,USA,Technology,170.47,USD,19902152704,,,0.078,1.017,{},{},,1067299968,,,,OCF,Uptrend ↗,Uptrend ↗,N/A,19.902152704,
BRO,BRO,Brown & Brown,USA,Financial Services,69.53,USD,23738988544,,,0.361,-0.193,{},{},,1054000000,,,,OCF,Uptrend ↗,Downtrend ↘,N/A,23.738988544,
BF-B,BF-B,Brown–Forman,USA,Consumer Defensive,30.67,USD,14206633984,,,-0.054,-0.139,{},{},,810000000,,,,OCF,Downtrend ↘,Downtrend ↘,N/A,14.206633984,
BLDR,BLDR,Builders FirstSource,USA,Industrials,120.57,USD,13332701184,,,-0.069,-0.549,{},{},,593963008,,,,OCF,Downtrend ↘,Downtrend ↘,N/A,13.332701184,
BG,BG,Bunge Global,USA,Consumer Defensive,121.74,USD,23539773440,,,0.755,-0.888,{},{},,819000000,,,,OCF,Uptrend ↗,Downtrend ↘,N/A,23.53977344,
BXP,BXP,"BXP, Inc.",USA,Real Estate,59.07,USD,10453982208,,,0.083,0.0,{},{},,276800000,,,,OCF,Uptrend ↗,Flat ➡,N/A,10.453982208,
CHRW,CHRW,C.H. Robinson,USA,Industrials,167.78,USD,19821056000,,,-0.065,-0.086,{},{},,587081024,,,,OCF,Downtrend ↘,Downtrend ↘,N/A,19.821056,
CDNS,CDNS,Cadence Design Systems,USA,Technology,288.33,USD,78567030784,,,0.101,0.207,{},{},,1060961984,,,,OCF,Uptrend ↗,Uptrend ↗,N/A,78.567030784,
CPT,CPT,Camden Property Trust,USA,Real Estate,107.48,USD,11457625088,,,0.022,2.874,{},{},,384462016,,,,OCF,Flat ➡,Uptrend ↗,N/A,11.457625088,
CPB,CPB,Campbell's Company (The),USA,Consumer Defensive,29.02,USD,8651855872,,,-0.034,-0.097,{},{},,578000000,,,,OCF,Flat ➡,Downtrend ↘,N/A,8.651855872,
COF,COF,Capital One,USA,Financial Services,206.89,USD,131526934528,,,0.516,0.222,{},{},,1816000000,,,,OCF,Uptrend ↗,Uptrend ↗,N/A,131.526934528,
CAH,CAH,Cardinal Health,USA,Healthcare,215.06,USD,50607063040,,,0.188,0.194,{},{},,1662000000,,,,OCF,Uptrend ↗,Uptrend ↗,N/A,50.60706304,
CCL,CCL,Carnival,USA,Consumer Cyclical,32.6,USD,45063532544,,,0.066,0.358,{},{},,2760000000,,,,OCF,Uptrend ↗,Uptrend ↗,N/A,45.063532544,
CARR,CARR,Carrier Global,USA,Industrials,64.89,USD,54237908992,,,-0.06,-0.978,{},{},,1455000064,,,,OCF,Downtrend ↘,Downtrend ↘,N/A,54.237908992,
CVNA,CVNA,Carvana,USA,Consumer Cyclical,344.14,USD,74610737152,,,0.545,0.609,{},{},,629000000,,,,OCF,Uptrend ↗,Uptrend ↗,N/A,74.610737152,
CAT,CAT,Caterpillar Inc.,USA,Industrials,758.29,USD,355242868736,,,0.18,-0.115,{},{},,8883999744,,,,OCF,Uptrend ↗,Downtrend ↘,N/A,355.242868736,
CBOE,CBOE,Cboe Global Markets,USA,Financial Services,270.6,USD,28316805120,,,0.087,0.604,{},{},,1094800000,,,,OCF,Uptrend ↗,Uptrend ↗,N/A,28.31680512,
CBRE,CBRE,CBRE Group,USA,Real Estate,136.28,USD,40555970560,,,0.135,0.658,{},{},,1228000000,,,,OCF,Uptrend ↗,Uptrend ↗,N/A,40.55597056,
CDW,CDW,CDW Corporation,USA,Technology,126.83,USD,16622434304,,,0.063,0.087,{},{},,1066600000,,,,OCF,Uptrend ↗,Uptrend ↗,N/A,16.622434304,
COR,COR,Cencora,USA,Healthcare,351.06,USD,68291944448,,,0.055,0.148,{},{},,1625216000,,,,OCF,Uptrend ↗,Uptrend ↗,N/A,68.291944448,
CNC,CNC,Centene Corporation,USA,Healthcare,39.18,USD,19267039232,,,0.231,0.0,{},{},,-6673999872,,,,OCF,Uptrend ↗,Flat ➡,N/A,19.267039232,
CNP,CNP,CenterPoint Energy,USA,Utilities,41.66,USD,27198492672,,,0.071,0.506,{},{},,1036000000,,,,OCF,Uptrend ↗,Uptrend ↗,N/A,27.198492672,
CF,CF,CF Industries,USA,Basic Materials,94.16,USD,15251374080,,,0.211,0.416,{},{},,1379000064,,,,OCF,Uptrend ↗,Uptrend ↗,N/A,15.25137408,
CRL,CRL,Charles River Laboratories,USA,Healthcare,158.74,USD,7812464128,,,-0.005,-0.173,{},{},,-83482000,,,,OCF,Flat ➡,Downtrend ↘,N/A,7.812464128,
SCHW,SCHW,Charles Schwab Corporation,USA,Financial Services,95.08,USD,172591054848,,,0.189,0.418,{},{},,8416999936,,,,OCF,Uptrend ↗,Uptrend ↗,N/A,172.591054848,
CHTR,CHTR,Charter Communications,USA,Communication Services,238.08,USD,30809782272,,,-0.023,0.024,{},{},,4986999808,,,,OCF,Flat ➡,Flat ➡,N/A,30.809782272,
CVX,CVX,Chevron Corporation,USA,Energy,182.4,USD,364682084352,,,-0.06,-0.238,{},{},,12298999808,,,,OCF,Downtrend ↘,Downtrend ↘,N/A,364.682084352,
CMG,CMG,Chipotle Mexican Grill,USA,Consumer Cyclical,35.84,USD,47390445568,,,0.049,0.04,{},{},,1535761024,,,,OCF,Flat ➡,Flat ➡,N/A,47.390445568,
CB,CB,Chubb Limited,USA,Financial Services,332.51,USD,130859597824,,,0.08,0.28,{},{},,10309999616,,,,OCF,Uptrend ↗,Uptrend ↗,N/A,130.859597824,
CHD,CHD,Church & Dwight,USA,Consumer Defensive,100.0,USD,24360869888,,,0.039,-0.21,{},{},,736800000,,,,OCF,Flat ➡,Downtrend ↘,N/A,24.360869888,
CIEN,CIEN,Ciena,USA,Technology,292.96,USD,41323737088,,,0.203,-0.493,{},{},,123338000,,,,OCF,Uptrend ↗,Downtrend ↘,N/A,41.323737088,
CI,CI,Cigna,USA,Healthcare,287.61,USD,76828057600,,,0.104,-0.112,{},{},,5957000192,,,,OCF,Uptrend ↗,Downtrend ↘,N/A,76.8280576,
CINF,CINF,Cincinnati Financial,USA,Financial Services,165.11,USD,25760217088,,,0.218,0.674,{},{},,2392999936,,,,OCF,Uptrend ↗,Uptrend ↗,N/A,25.760217088,
CTAS,CTAS,Cintas,USA,Industrials,196.1,USD,78806056960,,,0.093,0.11,{},{},,1891880960,,,,OCF,Uptrend ↗,Uptrend ↗,N/A,78.80605696,
CSCO,CSCO,Cisco,USA,Technology,75.0,USD,296332099584,,,0.075,0.06,{},{},,10328999936,,,,OCF,Uptrend ↗,Uptrend ↗,N/A,296.332099584,
C,C,Citigroup,USA,Financial Services,111.15,USD,198876938240,,,0.037,-0.108,{},{},,13024000000,,,,OCF,Flat ➡,Downtrend ↘,N/A,198.87693824,
CFG,CFG,Citizens Financial Group,USA,Financial Services,64.78,USD,27822114816,,,0.107,0.359,{},{},,1688000000,,,,OCF,Uptrend ↗,Uptrend ↗,N/A,27.822114816,
CLX,CLX,Clorox,USA,Consumer Defensive,124.64,USD,15203634176,,,-0.008,-0.162,{},{},,755000000,,,,OCF,Flat ➡,Downtrend ↘,N/A,15.203634176,
CME,CME,CME Group,USA,Financial Services,301.64,USD,108443328512,,,0.083,0.35,{},{},,4020999936,,,,OCF,Uptrend ↗,Uptrend ↗,N/A,108.443328512,
CMS,CMS,CMS Energy,USA,Utilities,74.73,USD,22898835456,,,0.123,0.066,{},{},,1061000000,,,,OCF,Uptrend ↗,Uptrend ↗,N/A,22.898835456,
KO,KO,Coca-Cola Company (The),USA,Consumer Defensive,79.0,USD,339827097600,,,0.024,0.036,{},{},,13107000320,,,,OCF,Flat ➡,Flat ➡,N/A,339.8270976,
CTSH,CTSH,Cognizant,USA,Technology,65.83,USD,31772616704,,,0.049,0.216,{},{},,2230000128,,,,OCF,Flat ➡,Uptrend ↗,N/A,31.772616704,
COIN,COIN,Coinbase,USA,Financial Services,141.09,USD,38045990912,,,0.589,4.306,{},{},,3217709056,,,,OCF,Uptrend ↗,Uptrend ↗,N/A,38.045990912,
CL,CL,Colgate-Palmolive,USA,Consumer Defensive,96.17,USD,77726588928,,,0.058,0.0,{},{},,2132000000,,,,OCF,Uptrend ↗,Flat ➡,N/A,77.726588928,
CMCSA,CMCSA,Comcast,USA,Communication Services,31.82,USD,115948724224,,,0.012,-0.525,{},{},,19997999104,,,,OCF,Flat ➡,Downtrend ↘,N/A,115.948724224,
FIX,FIX,Comfort Systems USA,USA,Industrials,1300.02,USD,45866594304,,,0.352,1.017,{},{},,837622016,,,,OCF,Uptrend ↗,Uptrend ↗,N/A,45.866594304,
CAG,CAG,Conagra Brands,USA,Consumer Defensive,19.94,USD,9538688000,,,-0.068,0.0,{},{},,-98000000,,,,OCF,Downtrend ↘,Flat ➡,N/A,9.538688,
COP,COP,ConocoPhillips,USA,Energy,110.83,USD,136954658816,,,-0.068,-0.385,{},{},,7987999744,,,,OCF,Downtrend ↘,Downtrend ↘,N/A,136.954658816,
ED,ED,Consolidated Edison,USA,Utilities,111.72,USD,40323727360,,,0.107,0.124,{},{},,2036000000,,,,OCF,Uptrend ↗,Uptrend ↗,N/A,40.32372736,
STZ,STZ,Constellation Brands,USA,Consumer Defensive,162.36,USD,28265881600,,,-0.098,-0.15,{},{},,1109600000,,,,OCF,Downtrend ↘,Downtrend ↘,N/A,28.2658816,
CEG,CEG,Constellation Energy,USA,Utilities,276.12,USD,100035534848,,,0.003,-0.223,{},{},,2739000064,,,,OCF,Flat ➡,Downtrend ↘,N/A,100.035534848,
COO,COO,Cooper Companies (The),USA,Healthcare,81.7,USD,16242689024,,,0.046,-0.282,{},{},,374900000,,,,OCF,Flat ➡,Downtrend ↘,N/A,16.242689024,
CPRT,CPRT,Copart,USA,Industrials,36.72,USD,35545608192,,,0.007,0.108,{},{},,1594077056,,,,OCF,Flat ➡,Uptrend ↗,N/A,35.545608192,
GLW,GLW,Corning Inc.,USA,Technology,131.5,USD,112742891520,,,0.204,0.764,{},{},,1596000000,,,,OCF,Uptrend ↗,Uptrend ↗,N/A,112.74289152,
CPAY,CPAY,Corpay,USA,Technology,321.32,USD,22689814528,,,0.207,0.09,{},{},,1069825984,,,,OCF,Uptrend ↗,Uptrend ↗,N/A,22.689814528,
CTVA,CTVA,Corteva,USA,Basic Materials,74.11,USD,50078494720,,,-0.017,0.0,{},{},,1192999936,,,,OCF,Flat ➡,Flat ➡,N/A,50.07849472,
CSGP,CSGP,CoStar Group,USA,Real Estate,45.03,USD,19084738560,,,0.204,0.0,{},{},,20300000,,,,OCF,Uptrend ↗,Flat ➡,N/A,19.08473856,
COST,COST,Costco,USA,Consumer Defensive,998.86,USD,443451572224,,,0.083,0.114,{},{},,8302000128,,,,OCF,Uptrend ↗,Uptrend ↗,N/A,443.451572224,
CTRA,CTRA,Coterra,USA,Energy,30.78,USD,23435200512,,,0.349,0.235,{},{},,1646000000,,,,OCF,Uptrend ↗,Uptrend ↗,N/A,23.435200512,
CRH,CRH,CRH plc,USA,Basic Materials,122.85,USD,82079973376,,,0.053,0.122,{},{},,3407000064,,,,OCF,Uptrend ↗,Uptrend ↗,N/A,82.079973376,
CRWD,CRWD,CrowdStrike,USA,Technology,411.54,USD,103748591616,,,0.222,0.0,{},{},,-314160992,,,,OCF,Uptrend ↗,Flat ➡,N/A,103.748591616,
CCI,CCI,Crown Castle,USA,Real Estate,87.81,USD,38239412224,,,-0.35,0.0,{},{},,1103000064,,,,OCF,Downtrend ↘,Flat ➡,N/A,38.239412224,
CSX,CSX,CSX Corporation,USA,Industrials,40.7,USD,75876073472,,,-0.009,0.012,{},{},,2888999936,,,,OCF,Flat ➡,Flat ➡,N/A,75.876073472,
CMI,CMI,Cummins,USA,Industrials,588.79,USD,81350434816,,,0.011,0.414,{},{},,2843000064,,,,OCF,Flat ➡,Uptrend ↗,N/A,81.350434816,
CVS,CVS,CVS Health,USA,Healthcare,77.93,USD,99143409664,,,0.084,0.753,{},{},,1768000000,,,,OCF,Uptrend ↗,Uptrend ↗,N/A,99.143409664,
DHR,DHR,Danaher Corporation,USA,Healthcare,214.94,USD,151941087232,,,0.046,0.125,{},{},,3600000000,,,,OCF,Flat ➡,Uptrend ↗,N/A,151.941087232,
DRI,DRI,Darden Restaurants,USA,Consumer Cyclical,212.86,USD,24758546432,,,0.073,0.118,{},{},,1123000064,,,,OCF,Uptrend ↗,Uptrend ↗,N/A,24.758546432,
DDOG,DDOG,Datadog,USA,Technology,126.13,USD,44230098944,,,0.292,-0.03,{},{},,107741000,,,,OCF,Uptrend ↗,Flat ➡,N/A,44.230098944,
DVA,DVA,DaVita,USA,Healthcare,149.97,USD,10025345024,,,0.099,0.065,{},{},,721803008,,,,OCF,Uptrend ↗,Uptrend ↗,N/A,10.025345024,
DECK,DECK,Deckers Brands,USA,Consumer Cyclical,116.02,USD,16909315072,,,0.071,0.11,{},{},,1039910976,,,,OCF,Uptrend ↗,Uptrend ↗,N/A,16.909315072,
DE,DE,Deere & Company,USA,Industrials,598.11,USD,162132344832,,,0.126,-0.137,{},{},,5026999808,,,,OCF,Uptrend ↗,Downtrend ↘,N/A,162.132344832,
DELL,DELL,Dell Technologies,USA,Technology,112.82,USD,75611987968,,,0.108,0.39,{},{},,5209999872,,,,OCF,Uptrend ↗,Uptrend ↗,N/A,75.611987968,
DAL,DAL,Delta Air Lines,USA,Industrials,69.5,USD,45392584704,,,0.029,0.444,{},{},,5005000192,,,,OCF,Flat ➡,Uptrend ↗,N/A,45.392584704,
DVN,DVN,Devon Energy,USA,Energy,43.96,USD,27576107008,,,0.071,-0.162,{},{},,2719000064,,,,OCF,Uptrend ↗,Downtrend ↘,N/A,27.576107008,
DXCM,DXCM,Dexcom,USA,Healthcare,65.08,USD,25521465344,,,0.216,1.099,{},{},,720700032,,,,OCF,Uptrend ↗,Uptrend ↗,N/A,25.521465344,
FANG,FANG,Diamondback Energy,USA,Energy,167.42,USD,47970115584,,,0.42,0.1,{},{},,4177999872,,,,OCF,Uptrend ↗,Uptrend ↗,N/A,47.970115584,
DLR,DLR,Digital Realty,USA,Real Estate,180.31,USD,63065223168,,,0.171,-0.532,{},{},,1267864960,,,,OCF,Uptrend ↗,Downtrend ↘,N/A,63.065223168,
DG,DG,Dollar General,USA,Consumer Defensive,148.56,USD,32700858368,,,0.046,0.438,{},{},,1277228032,,,,OCF,Flat ➡,Uptrend ↗,N/A,32.700858368,
DLTR,DLTR,Dollar Tree,USA,Consumer Defensive,128.43,USD,26195589120,,,0.094,0.106,{},{},,1113799936,,,,OCF,Uptrend ↗,Uptrend ↗,N/A,26.19558912,
D,D,Dominion Energy,USA,Utilities,65.12,USD,55606833152,,,0.149,0.062,{},{},,2609999872,,,,OCF,Uptrend ↗,Uptrend ↗,N/A,55.606833152,
DPZ,DPZ,Domino's,USA,Consumer Cyclical,381.78,USD,12961018880,,,0.031,0.301,{},{},,589505024,,,,OCF,Flat ➡,Uptrend ↗,N/A,12.96101888,
DASH,DASH,DoorDash,USA,Consumer Cyclical,161.14,USD,69451104256,,,0.273,0.459,{},{},,863000000,,,,OCF,Uptrend ↗,Uptrend ↗,N/A,69.451104256,
DOV,DOV,Dover Corporation,USA,Industrials,230.57,USD,31623417856,,,0.088,-0.801,{},{},,1097428992,,,,OCF,Uptrend ↗,Downtrend ↘,N/A,31.623417856,
DOW,DOW,Dow Inc.,USA,Basic Materials,32.65,USD,23427489792,,,-0.091,0.0,{},{},,-2633999872,,,,OCF,Downtrend ↘,Flat ➡,N/A,23.427489792,
DHI,DHI,D. R. Horton,USA,Consumer Cyclical,164.59,USD,47912075264,,,-0.095,-0.222,{},{},,3335099904,,,,OCF,Downtrend ↘,Downtrend ↘,N/A,47.912075264,
DTE,DTE,DTE Energy,USA,Utilities,140.91,USD,29264613376,,,0.214,-0.124,{},{},,1382000000,,,,OCF,Uptrend ↗,Downtrend ↘,N/A,29.264613376,
DUK,DUK,Duke Energy,USA,Utilities,126.11,USD,98070863872,,,0.144,-0.014,{},{},,4911000064,,,,OCF,Uptrend ↗,Flat ➡,N/A,98.070863872,
DD,DD,DuPont,USA,Basic Materials,49.43,USD,20709951488,,,-0.452,0.0,{},{},,57000000,,,,OCF,Downtrend ↘,Flat ➡,N/A,20.709951488,
ETN,ETN,Eaton Corporation,USA,Industrials,390.33,USD,151955456000,,,0.131,0.188,{},{},,4087000064,,,,OCF,Uptrend ↗,Uptrend ↗,N/A,151.955456,
EBAY,EBAY,eBay Inc.,USA,Consumer Cyclical,79.41,USD,36290371584,,,0.095,0.054,{},{},,2151000064,,,,OCF,Uptrend ↗,Uptrend ↗,N/A,36.290371584,
ECL,ECL,Ecolab,USA,Basic Materials,300.69,USD,85283168256,,,0.178,0.0,{},{},,2075600000,,,,OCF,Uptrend ↗,Flat ➡,N/A,85.283168256,
EIX,EIX,Edison International,USA,Utilities,69.08,USD,26584334336,,,0.106,0.636,{},{},,2951000064,,,,OCF,Uptrend ↗,Uptrend ↗,N/A,26.584334336,
EW,EW,Edwards Lifesciences,USA,Healthcare,76.44,USD,44877926400,,,0.133,-0.761,{},{},,1060099968,,,,OCF,Uptrend ↗,Downtrend ↘,N/A,44.8779264,
EA,EA,Electronic Arts,USA,Communication Services,200.46,USD,50165862400,,,0.01,-0.685,{},{},,680000000,,,,OCF,Flat ➡,Downtrend ↘,N/A,50.1658624,
ELV,ELV,Elevance Health,USA,Healthcare,336.04,USD,74165600256,,,0.095,0.363,{},{},,5662000128,,,,OCF,Uptrend ↗,Uptrend ↗,N/A,74.165600256,
EME,EME,Emcor,USA,Industrials,782.93,USD,35048538112,,,0.164,0.133,{},{},,1130370944,,,,OCF,Uptrend ↗,Uptrend ↗,N/A,35.048538112,
EMR,EMR,Emerson Electric,USA,Industrials,144.98,USD,81522556928,,,0.041,0.049,{},{},,2304999936,,,,OCF,Flat ➡,Flat ➡,N/A,81.522556928,
ETR,ETR,Entergy,USA,Utilities,101.96,USD,45535019008,,,0.125,0.02,{},{},,1808936960,,,,OCF,Uptrend ↗,Flat ➡,N/A,45.535019008,
EOG,EOG,EOG Resources,USA,Energy,117.85,USD,64345321472,,,-0.024,-0.085,{},{},,5529999872,,,,OCF,Flat ➡,Downtrend ↘,N/A,64.345321472,
EPAM,EPAM,EPAM Systems,USA,Technology,163.12,USD,9085280256,,,0.194,-0.194,{},{},,371623008,,,,OCF,Uptrend ↗,Downtrend ↘,N/A,9.085280256,
EQT,EQT,EQT Corporation,USA,Energy,57.18,USD,35684372480,,,0.514,0.0,{},{},,1780542976,,,,OCF,Uptrend ↗,Flat ➡,N/A,35.68437248,
EFX,EFX,Equifax,USA,Industrials,188.18,USD,23032109056,,,0.092,0.03,{},{},,660300032,,,,OCF,Uptrend ↗,Flat ➡,N/A,23.032109056,
EQIX,EQIX,Equinix,USA,Real Estate,957.87,USD,94115446784,,,0.066,0.229,{},{},,1071000000,,,,OCF,Uptrend ↗,Uptrend ↗,N/A,94.115446784,
EQR,EQR,Equity Residential,USA,Real Estate,63.05,USD,24814075904,,,0.02,-0.088,{},{},,1118667008,,,,OCF,Flat ➡,Downtrend ↘,N/A,24.814075904,
ERIE,ERIE,Erie Indemnity,USA,Financial Services,282.94,USD,14794895360,,,0.067,0.144,{},{},,647984000,,,,OCF,Uptrend ↗,Uptrend ↗,N/A,14.79489536,
ESS,ESS,Essex Property Trust,USA,Real Estate,251.36,USD,17370597376,,,0.024,-0.687,{},{},,669665984,,,,OCF,Flat ➡,Downtrend ↘,N/A,17.370597376,
EL,EL,Estée Lauder Companies (The),USA,Consumer Defensive,106.42,USD,38494990336,,,0.056,0.0,{},{},,-178000000,,,,OCF,Uptrend ↗,Flat ➡,N/A,38.494990336,
EG,EG,Everest Group,USA,Financial Services,336.12,USD,14109664256,,,-0.03,0.0,{},{},,1591000064,,,,OCF,Flat ➡,Flat ➡,N/A,14.109664256,
EVRG,EVRG,Evergy,USA,Utilities,80.69,USD,18575980544,,,-0.001,0.005,{},{},,849500032,,,,OCF,Flat ➡,Flat ➡,N/A,18.575980544,
ES,ES,Eversource Energy,USA,Utilities,70.32,USD,26383300608,,,0.051,0.0,{},{},,1343586048,,,,OCF,Uptrend ↗,Flat ➡,N/A,26.383300608,
EXC,EXC,Exelon,USA,Utilities,47.55,USD,48024895488,,,0.09,0.229,{},{},,2820999936,,,,OCF,Uptrend ↗,Uptrend ↗,N/A,48.024895488,
EXE,EXE,Expand Energy,USA,Energy,103.44,USD,24636274688,,,3.193,0.0,{},{},,867000000,,,,OCF,Uptrend ↗,Flat ➡,N/A,24.636274688,
EXPE,EXPE,Expedia Group,USA,Consumer Cyclical,227.24,USD,28113129472,,,0.087,0.454,{},{},,1388000000,,,,OCF,Uptrend ↗,Uptrend ↗,N/A,28.113129472,
EXPD,EXPD,Expeditors International,USA,Industrials,140.56,USD,19076595712,,,-0.035,0.006,{},{},,845502976,,,,OCF,Flat ➡,Flat ➡,N/A,19.076595712,
EXR,EXR,Extra Space Storage,USA,Real Estate,144.34,USD,31985952768,,,0.034,-0.142,{},{},,947441984,,,,OCF,Flat ➡,Downtrend ↘,N/A,31.985952768,
XOM,XOM,ExxonMobil,USA,Energy,149.93,USD,632279597056,,,-0.013,-0.11,{},{},,28843999232,,,,OCF,Flat ➡,Downtrend ↘,N/A,632.279597056,
FFIV,FFIV,"F5, Inc.",USA,Technology,262.02,USD,14885641216,,,0.073,0.099,{},{},,705988992,,,,OCF,Uptrend ↗,Uptrend ↗,N/A,14.885641216,
FDS,FDS,FactSet,USA,Financial Services,201.95,USD,7556956160,,,0.068,0.044,{},{},,599598016,,,,OCF,Uptrend ↗,Flat ➡,N/A,7.55695616,
FICO,FICO,Fair Isaac,USA,Technology,1337.64,USD,31731675136,,,0.164,0.077,{},{},,657790976,,,,OCF,Uptrend ↗,Uptrend ↗,N/A,31.731675136,
FAST,FAST,Fastenal,USA,Industrials,45.54,USD,52288081920,,,0.111,0.093,{},{},,1258400000,,,,OCF,Uptrend ↗,Uptrend ↗,N/A,52.28808192,
FRT,FRT,Federal Realty Investment Trust,USA,Real Estate,104.75,USD,9092219904,,,0.06,-0.011,{},{},,337579008,,,,OCF,Uptrend ↗,Flat ➡,N/A,9.092219904,
FDX,FDX,FedEx,USA,Industrials,369.46,USD,87176101888,,,0.139,-0.133,{},{},,4330999808,,,,OCF,Uptrend ↗,Downtrend ↘,N/A,87.176101888,
FIS,FIS,Fidelity National Information Services,USA,Technology,46.95,USD,24525674496,,,0.057,0.22,{},{},,177000000,,,,OCF,Uptrend ↗,Uptrend ↗,N/A,24.525674496,
FITB,FITB,Fifth Third Bancorp,USA,Financial Services,53.16,USD,47846576128,,,0.115,0.208,{},{},,2376000000,,,,OCF,Uptrend ↗,Uptrend ↗,N/A,47.846576128,
FSLR,FSLR,First Solar,USA,Technology,220.45,USD,23656079360,,,0.797,0.457,{},{},,1400461952,,,,OCF,Uptrend ↗,Uptrend ↗,N/A,23.65607936,
FE,FE,FirstEnergy,USA,Utilities,48.84,USD,28213184512,,,0.112,0.045,{},{},,1330000000,,,,OCF,Uptrend ↗,Flat ➡,N/A,28.213184512,
ALNY,ALNY,Alnylam Pharmaceuticals,USA,Healthcare,308.48,USD,40754470912,,,1.493,0.0,{},{},,43565000,,,,OCF,Uptrend ↗,Flat ➡,N/A,40.754470912,
ARM,ARM,Arm Holdings,USA,Technology,122.19,USD,129765613568,,,0.263,-0.123,{},{},,801000000,,,,OCF,Uptrend ↗,Downtrend ↘,N/A,129.765613568,
ASML,ASML,ASML Holding,USA,Technology,1406.87,USD,546073313280,,,0.049,0.072,{},{},,9609400320,,,,OCF,Flat ➡,Uptrend ↗,N/A,546.07331328,
TEAM,TEAM,Atlassian,USA,Technology,86.48,USD,22808588288,,,0.233,0.0,{},{},,-189224992,,,,OCF,Uptrend ↗,Flat ➡,N/A,22.808588288,
CCEP,CCEP,Coca-Cola Europacific Partners,USA,Consumer Defensive,99.05,USD,44429922304,,,0.045,0.15,{},{},,1534000000,,,,OCF,Flat ➡,Uptrend ↗,N/A,44.429922304,
FER,FER,Ferrovial,USA,Industrials,72.97,USD,52123099136,,,0.047,0.316,{},{},,3347000064,,,,OCF,Flat ➡,Uptrend ↗,N/A,52.123099136,
FTNT,FTNT,Fortinet,USA,Technology,84.26,USD,64565579776,,,0.148,0.001,{},{},,1853400064,,,,OCF,Uptrend ↗,Flat ➡,N/A,64.565579776,
GEHC,GEHC,GE HealthCare,USA,Healthcare,78.65,USD,35844718592,,,0.071,-0.177,{},{},,2084000000,,,,OCF,Uptrend ↗,Downtrend ↘,N/A,35.844718592,
GILD,GILD,Gilead Sciences,USA,Healthcare,151.81,USD,188396191744,,,0.047,0.235,{},{},,8510000128,,,,OCF,Flat ➡,Uptrend ↗,N/A,188.396191744,
HON,HON,Honeywell,USA,Industrials,239.83,USD,161614168064,,,-0.033,-0.764,{},{},,4834999808,,,,OCF,Flat ➡,Downtrend ↘,N/A,161.614168064,
IDXX,IDXX,Idexx Laboratories,USA,Healthcare,617.2,USD,49378897920,,,0.143,0.176,{},{},,1059464000,,,,OCF,Uptrend ↗,Uptrend ↗,N/A,49.37889792,
INSM,INSM,Insmed Incorporated,USA,Healthcare,146.17,USD,31174182912,,,0.524,0.0,{},{},,-1183837952,,,,OCF,Uptrend ↗,Flat ➡,N/A,31.174182912,
INTC,INTC,Intel,USA,Technology,46.48,USD,232175894528,,,-0.041,0.0,{},{},,-267000000,,,,OCF,Flat ➡,Flat ➡,N/A,232.175894528,
INTU,INTU,Intuit,USA,Technology,397.96,USD,110792065024,,,0.41,-0.185,{},{},,4118000128,,,,OCF,Uptrend ↗,Downtrend ↘,N/A,110.792065024,
ISRG,ISRG,Intuitive Surgical,USA,Healthcare,478.6,USD,169965338624,,,0.188,0.166,{},{},,2856000000,,,,OCF,Uptrend ↗,Uptrend ↗,N/A,169.965338624,
KDP,KDP,Keurig Dr Pepper,USA,Consumer Defensive,29.91,USD,40635224064,,,0.107,0.083,{},{},,1582000000,,,,OCF,Uptrend ↗,Uptrend ↗,N/A,40.635224064,
KLAC,KLAC,KLA Corporation,USA,Technology,1450.85,USD,190630559744,,,0.072,0.409,{},{},,4557986816,,,,OCF,Uptrend ↗,Uptrend ↗,N/A,190.630559744,
KHC,KHC,Kraft Heinz,USA,Consumer Defensive,24.32,USD,28788551680,,,-0.034,-0.692,{},{},,-5846000128,,,,OCF,Flat ➡,Downtrend ↘,N/A,28.78855168,
LRCX,LRCX,Lam Research,USA,Technology,231.29,USD,290507161600,,,0.221,0.37,{},{},,6213408768,,,,OCF,Uptrend ↗,Uptrend ↗,N/A,290.5071616,
LIN,LIN,Linde plc,USA,Basic Materials,472.86,USD,221728555008,,,0.058,-0.095,{},{},,6897999872,,,,OCF,Uptrend ↗,Downtrend ↘,N/A,221.728555008,
MAR,MAR,Marriott International,USA,Consumer Cyclical,355.08,USD,94090715136,,,0.042,0.016,{},{},,2600999936,,,,OCF,Flat ➡,Flat ➡,N/A,94.090715136,
MRVL,MRVL,Marvell Technology,USA,Technology,78.23,USD,66346864640,,,0.368,0.0,{},{},,2474200064,,,,OCF,Uptrend ↗,Flat ➡,N/A,66.34686464,
MELI,MELI,Mercado Libre,USA,Consumer Cyclical,2007.0,USD,101749252096,,,0.395,0.061,{},{},,2076999936,,,,OCF,Uptrend ↗,Uptrend ↗,N/A,101.749252096,
META,META,Meta Platforms,USA,Communication Services,649.81,USD,1643730436096,,,0.238,0.107,{},{},,60458000384,,,,OCF,Uptrend ↗,Uptrend ↗,N/A,1643.730436096,
MCHP,MCHP,Microchip Technology,USA,Technology,78.92,USD,42706411520,,,0.156,0.0,{},{},,-154400000,,,,OCF,Uptrend ↗,Flat ➡,N/A,42.70641152,
MU,MU,Micron Technology,USA,Technology,413.97,USD,465927077888,,,0.567,1.754,{},{},,11909000192,,,,OCF,Uptrend ↗,Uptrend ↗,N/A,465.927077888,
MSFT,MSFT,Microsoft,USA,Technology,401.84,USD,2986626777088,,,0.167,0.598,{},{},,119262003200,,,,OCF,Uptrend ↗,Uptrend ↗,N/A,2986.626777088,
MSTR,MSTR,MicroStrategy,USA,Technology,123.0,USD,40868954112,,,0.019,0.0,{},{},,-4229519872,,,,OCF,Flat ➡,Flat ➡,N/A,40.868954112,
MDLZ,MDLZ,Mondelez International,USA,Consumer Defensive,61.86,USD,79821578240,,,0.093,-0.604,{},{},,2451000064,,,,OCF,Uptrend ↗,Downtrend ↘,N/A,79.82157824,
MPWR,MPWR,Monolithic Power Systems,USA,Technology,1155.93,USD,56304197632,,,0.208,-0.884,{},{},,615926976,,,,OCF,Uptrend ↗,Downtrend ↘,N/A,56.304197632,
MNST,MNST,Monster Beverage,USA,Consumer Defensive,81.17,USD,79304810496,,,0.168,0.395,{},{},,1726952960,,,,OCF,Uptrend ↗,Uptrend ↗,N/A,79.304810496,
NFLX,NFLX,"Netflix, Inc.",USA,Communication Services,75.86,USD,321789755392,,,0.176,0.327,{},{},,10981200896,,,,OCF,Uptrend ↗,Uptrend ↗,N/A,321.789755392,
NVDA,NVDA,Nvidia,USA,Technology,186.94,USD,4551428538368,,,0.625,0.667,{},{},,99198001152,,,,OCF,Uptrend ↗,Uptrend ↗,N/A,4551.428538368,
NXPI,NXPI,NXP Semiconductors,USA,Technology,242.19,USD,61059633152,,,0.072,-0.068,{},{},,2020999936,,,,OCF,Uptrend ↗,Downtrend ↘,N/A,61.059633152,
ORLY,ORLY,O'Reilly Automotive,USA,Consumer Cyclical,95.21,USD,80367149056,,,0.078,0.12,{},{},,2538209024,,,,OCF,Uptrend ↗,Uptrend ↗,N/A,80.367149056,
ODFL,ODFL,Old Dominion Freight Line,USA,Industrials,185.51,USD,38988292096,,,-0.057,-0.112,{},{},,1023702976,,,,OCF,Downtrend ↘,Downtrend ↘,N/A,38.988292096,
PCAR,PCAR,Paccar,USA,Industrials,124.84,USD,65590935552,,,-0.137,-0.359,{},{},,2375800064,,,,OCF,Downtrend ↘,Downtrend ↘,N/A,65.590935552,
PLTR,PLTR,Palantir Technologies,USA,Technology,129.13,USD,307773145088,,,0.7,6.812,{},{},,1625032960,,,,OCF,Uptrend ↗,Uptrend ↗,N/A,307.773145088,
PANW,PANW,Palo Alto Networks,USA,Technology,162.81,USD,113478565888,,,0.157,-0.041,{},{},,1116899968,,,,OCF,Uptrend ↗,Flat ➡,N/A,113.478565888,
PAYX,PAYX,Paychex,USA,Technology,92.47,USD,33193721856,,,0.183,-0.035,{},{},,1595699968,,,,OCF,Uptrend ↗,Flat ➡,N/A,33.193721856,
PYPL,PYPL,PayPal,USA,Financial Services,39.08,USD,36565278720,,,0.037,0.394,{},{},,5232999936,,,,OCF,Flat ➡,Uptrend ↗,N/A,36.56527872,
PDD,PDD,PDD Holdings,USA,Consumer Cyclical,100.22,USD,142276968448,,,0.09,0.165,{},{},,102270107648,,,,OCF,Uptrend ↗,Uptrend ↗,N/A,142.276968448,
PEP,PEP,PepsiCo,USA,Consumer Defensive,167.2,USD,228619272192,,,0.056,0.675,{},{},,8240000000,,,,OCF,Uptrend ↗,Uptrend ↗,N/A,228.619272192,
QCOM,QCOM,Qualcomm,USA,Technology,138.47,USD,147892207616,,,0.05,-0.018,{},{},,5365000192,,,,OCF,Flat ➡,Flat ➡,N/A,147.892207616,
REGN,REGN,Regeneron Pharmaceuticals,USA,Healthcare,783.65,USD,82847326208,,,0.025,-0.026,{},{},,4504900096,,,,OCF,Flat ➡,Flat ➡,N/A,82.847326208,
ROP,ROP,Roper Technologies,USA,Technology,319.82,USD,34424602624,,,0.097,-0.074,{},{},,1536300032,,,,OCF,Uptrend ↗,Downtrend ↘,N/A,34.424602624,
ROST,ROST,Ross Stores,USA,Consumer Cyclical,194.85,USD,63370342400,,,0.104,0.068,{},{},,2085963008,,,,OCF,Uptrend ↗,Uptrend ↗,N/A,63.3703424,
STX,STX,Seagate Technology,USA,Technology,431.17,USD,94026571776,,,0.215,0.677,{},{},,1970000000,,,,OCF,Uptrend ↗,Uptrend ↗,N/A,94.026571776,
SHOP,SHOP,Shopify,USA,Technology,110.66,USD,144420569088,,,0.306,-0.423,{},{},,1231000064,,,,OCF,Uptrend ↗,Downtrend ↘,N/A,144.420569088,
SBUX,SBUX,Starbucks,USA,Consumer Cyclical,96.76,USD,110238670848,,,0.055,-0.625,{},{},,1368899968,,,,OCF,Uptrend ↗,Downtrend ↘,N/A,110.238670848,
SNPS,SNPS,Synopsys,USA,Technology,423.35,USD,80994566144,,,0.378,-0.665,{},{},,1336120064,,,,OCF,Uptrend ↗,Downtrend ↘,N/A,80.994566144,
TMUS,TMUS,T-Mobile US,USA,Communication Services,214.68,USD,240120987648,,,0.113,-0.267,{},{},,11870000128,,,,OCF,Uptrend ↗,Downtrend ↘,N/A,240.120987648,
TTWO,TTWO,Take-Two Interactive,USA,Communication Services,190.36,USD,35249999872,,,0.249,0.0,{},{},,-3964900096,,,,OCF,Uptrend ↗,Flat ➡,N/A,35.249999872,
TSLA,TSLA,"Tesla, Inc.",USA,Consumer Cyclical,417.07,USD,1565026811904,,,-0.031,-0.606,{},{},,3793999872,,,,OCF,Flat ➡,Downtrend ↘,N/A,1565.026811904,
TXN,TXN,Texas Instruments,USA,Technology,223.0,USD,202622943232,,,0.104,-0.032,{},{},,4973000192,,,,OCF,Uptrend ↗,Flat ➡,N/A,202.622943232,
TRI,TRI,Thomson Reuters,USA,Industrials,85.89,USD,38221049856,,,0.052,-0.426,{},{},,1479000064,,,,OCF,Uptrend ↗,Downtrend ↘,N/A,38.221049856,
VRSK,VRSK,Verisk Analytics,USA,Industrials,179.0,USD,25008979968,,,0.059,0.045,{},{},,914700032,,,,OCF,Uptrend ↗,Flat ➡,N/A,25.008979968,
VRTX,VRTX,Vertex Pharmaceuticals,USA,Healthcare,465.02,USD,119226777600,,,0.11,0.047,{},{},,3675099904,,,,OCF,Uptrend ↗,Flat ➡,N/A,119.2267776,
WMT,WMT,Walmart,USA,Consumer Defensive,133.64,USD,1065491824640,,,0.058,0.352,{},{},,22909999104,,,,OCF,Uptrend ↗,Uptrend ↗,N/A,1065.49182464,
WBD,WBD,Warner Bros. Discovery,USA,Communication Services,28.11,USD,69698371584,,,-0.06,0.0,{},{},,489000000,,,,OCF,Downtrend ↘,Flat ➡,N/A,69.698371584,
WDC,WDC,Western Digital,USA,Technology,284.1,USD,97133592576,,,0.0,0.0,{},{},,3945999872,,,,OCF,Flat ➡,Flat ➡,N/A,97.133592576,
WDAY,WDAY,"Workday, Inc.",USA,Technology,144.04,USD,38458679296,,,0.126,0.306,{},{},,642000000,,,,OCF,Uptrend ↗,Uptrend ↗,N/A,38.458679296,
XEL,XEL,Xcel Energy,USA,Utilities,78.98,USD,46719811584,,,0.141,0.177,{},{},,2018000000,,,,OCF,Uptrend ↗,Uptrend ↗,N/A,46.719811584,
